{
    "images": [
        {
            "height": 512,
            "width": 512,
            "id": 0,
            "file_name": "TOP_sluk_7_7198.JPG"
        },
        {
            "height": 512,
            "width": 512,
            "id": 1,
            "file_name": "TOP_sluk_7_7219.JPG"
        },
        {
            "height": 512,
            "width": 512,
            "id": 2,
            "file_name": "TOP_sluk_7_7220.JPG"
        },
        {
            "height": 512,
            "width": 512,
            "id": 3,
            "file_name": "TOP_sluk_7_7222.JPG"
        },
        {
            "height": 512,
            "width": 512,
            "id": 4,
            "file_name": "TOP_sluk_7_7223.JPG"
        }
    ],
    "categories": [
        {
            "supercategory": "dead",
            "id": 1,
            "name": "dead"
        }
    ],
    "annotations": [
        {
            "segmentation": [
                [
                    229.54054054054052,
                    108.1081081081081,
                    238.18918918918916,
                    101.62162162162161
                ]
            ],
            "iscrowd": 0,
            "area": 0.0,
            "image_id": 0,
            "bbox": [
                229.0,
                101.0,
                9.0,
                7.0
            ],
            ."category_id": 1,
            "id": 1
        },
        {
            "segmentation": [
                [
                    228.45945945945942,
                    92.43243243243242,
                    235.48648648648646,
                    91.89189189189189
                ]
            ],
            "iscrowd": 0,
            "area": 0.0,
            "image_id": 0,
            "bbox": [
                228.0,
                91.0,
                7.0,
                1.0
            ],
            ."category_id": 1,
            "id": 2
        },
        {
            "segmentation": [
                [
                    205.2162162162162,
                    91.35135135135134,
                    213.86486486486484,
                    99.45945945945945
                ]
            ],
            "iscrowd": 0,
            "area": 0.0,
            "image_id": 0,
            "bbox": [
                205.0,
                91.0,
                8.0,
                8.0
            ],
            ."category_id": 1,
            "id": 3
        },
        {
            "segmentation": [
                [
                    246.2972972972973,
                    25.945945945945944,
                    251.7027027027027,
                    33.51351351351351
                ]
            ],
            "iscrowd": 0,
            "area": 0.0,
            "image_id": 0,
            "bbox": [
                246.0,
                25.0,
                5.0,
                8.0
            ],
            ."category_id": 1,
            "id": 4
        },
        {
            "segmentation": [
                [
                    250.08108108108104,
                    8.648648648648647,
                    254.94594594594594,
                    15.135135135135135
                ]
            ],
            "iscrowd": 0,
            "area": 0.0,
            "image_id": 0,
            "bbox": [
                250.0,
                8.0,
                4.0,
                7.0
            ],
            ."category_id": 1,
            "id": 5
        },
        {
            "segmentation": [
                [
                    265.7567567567567,
                    31.89189189189189,
                    271.7027027027027,
                    39.45945945945946
                ]
            ],
            "iscrowd": 0,
            "area": 0.0,
            "image_id": 0,
            "bbox": [
                265.0,
                31.0,
                6.0,
                8.0
            ],
            ."category_id": 1,
            "id": 6
        },
        {
            "segmentation": [
                [
                    265.7567567567567,
                    46.486486486486484,
                    272.78378378378375,
                    53.51351351351351
                ]
            ],
            "iscrowd": 0,
            "area": 0.0,
            "image_id": 0,
            "bbox": [
                265.0,
                46.0,
                7.0,
                7.0
            ],
            ."category_id": 1,
            "id": 7
        },
        {
            "segmentation": [
                [
                    276.02702702702703,
                    39.45945945945946,
                    281.97297297297297,
                    45.4054054054054
                ]
            ],
            "iscrowd": 0,
            "area": 0.0,
            "image_id": 0,
            "bbox": [
                276.0,
                39.0,
                5.0,
                6.0
            ],
            ."category_id": 1,
            "id": 8
        },
        {
            "segmentation": [
                [
                    284.6756756756757,
                    28.648648648648646,
                    289.0,
                    36.21621621621622
                ]
            ],
            "iscrowd": 0,
            "area": 0.0,
            "image_id": 0,
            "bbox": [
                284.0,
                28.0,
                5.0,
                8.0
            ],
            ."category_id": 1,
            "id": 9
        },
        {
            "segmentation": [
                [
                    367.91891891891885,
                    24.324324324324323,
                    372.78378378378375,
                    31.35135135135135
                ]
            ],
            "iscrowd": 0,
            "area": 0.0,
            "image_id": 0,
            "bbox": [
                367.0,
                24.0,
                5.0,
                7.0
            ],
            ."category_id": 1,
            "id": 10
        },
        {
            "segmentation": [
                [
                    316.56756756756755,
                    41.08108108108108,
                    324.1351351351351,
                    47.027027027027025
                ]
            ],
            "iscrowd": 0,
            "area": 0.0,
            "image_id": 0,
            "bbox": [
                316.0,
                41.0,
                8.0,
                6.0
            ],
            ."category_id": 1,
            "id": 11
        },
        {
            "segmentation": [
                [
                    314.40540540540536,
                    63.78378378378378,
                    321.4324324324324,
                    68.64864864864865
                ]
            ],
            "iscrowd": 0,
            "area": 0.0,
            "image_id": 0,
            "bbox": [
                314.0,
                63.0,
                7.0,
                5.0
            ],
            ."category_id": 1,
            "id": 12
        },
        {
            "segmentation": [
                [
                    313.86486486486484,
                    76.75675675675676,
                    319.8108108108108,
                    82.16216216216216
                ]
            ],
            "iscrowd": 0,
            "area": 0.0,
            "image_id": 0,
            "bbox": [
                313.0,
                76.0,
                6.0,
                6.0
            ],
            ."category_id": 1,
            "id": 13
        },
        {
            "segmentation": [
                [
                    327.37837837837833,
                    78.37837837837837,
                    333.86486486486484,
                    84.32432432432432
                ]
            ],
            "iscrowd": 0,
            "area": 0.0,
            "image_id": 0,
            "bbox": [
                327.0,
                78.0,
                6.0,
                6.0
            ],
            ."category_id": 1,
            "id": 14
        },
        {
            "segmentation": [
                [
                    343.05405405405406,
                    91.89189189189189,
                    347.91891891891885,
                    97.83783783783784
                ]
            ],
            "iscrowd": 0,
            "area": 0.0,
            "image_id": 0,
            "bbox": [
                343.0,
                91.0,
                4.0,
                6.0
            ],
            ."category_id": 1,
            "id": 15
        },
        {
            "segmentation": [
                [
                    430.62162162162156,
                    97.29729729729729,
                    436.5675675675675,
                    104.32432432432432
                ]
            ],
            "iscrowd": 0,
            "area": 0.0,
            "image_id": 0,
            "bbox": [
                430.0,
                97.0,
                6.0,
                7.0
            ],
            ."category_id": 1,
            "id": 16
        },
        {
            "segmentation": [
                [
                    440.8918918918919,
                    45.4054054054054,
                    446.8378378378378,
                    54.05405405405405
                ]
            ],
            "iscrowd": 0,
            "area": 0.0,
            "image_id": 0,
            "bbox": [
                440.0,
                45.0,
                6.0,
                9.0
            ],
            ."category_id": 1,
            "id": 17
        },
        {
            "segmentation": [
                [
                    496.027027027027,
                    56.75675675675675,
                    505.7567567567568,
                    68.1081081081081
                ]
            ],
            "iscrowd": 0,
            "area": 0.0,
            "image_id": 0,
            "bbox": [
                496.0,
                56.0,
                9.0,
                12.0
            ],
            ."category_id": 1,
            "id": 18
        },
        {
            "segmentation": [
                [
                    402.51351351351343,
                    221.08108108108107,
                    412.2432432432432,
                    226.48648648648648
                ]
            ],
            "iscrowd": 0,
            "area": 0.0,
            "image_id": 0,
            "bbox": [
                402.0,
                221.0,
                10.0,
                5.0
            ],
            ."category_id": 1,
            "id": 19
        },
        {
            "segmentation": [
                [
                    393.32432432432427,
                    234.59459459459458,
                    400.8918918918919,
                    242.16216216216216
                ]
            ],
            "iscrowd": 0,
            "area": 0.0,
            "image_id": 0,
            "bbox": [
                393.0,
                234.0,
                7.0,
                8.0
            ],
            ."category_id": 1,
            "id": 20
        },
        {
            "segmentation": [
                [
                    291.7027027027027,
                    221.6216216216216,
                    298.18918918918916,
                    228.1081081081081
                ]
            ],
            "iscrowd": 0,
            "area": 0.0,
            "image_id": 0,
            "bbox": [
                291.0,
                221.0,
                7.0,
                7.0
            ],
            ."category_id": 1,
            "id": 21
        },
        {
            "segmentation": [
                [
                    262.5135135135135,
                    136.2162162162162,
                    272.2432432432432,
                    148.64864864864865
                ]
            ],
            "iscrowd": 0,
            "area": 0.0,
            "image_id": 0,
            "bbox": [
                262.0,
                136.0,
                10.0,
                12.0
            ],
            ."category_id": 1,
            "id": 22
        },
        {
            "segmentation": [
                [
                    336.027027027027,
                    273.5135135135135,
                    343.05405405405406,
                    278.3783783783784
                ]
            ],
            "iscrowd": 0,
            "area": 0.0,
            "image_id": 0,
            "bbox": [
                336.0,
                273.0,
                7.0,
                5.0
            ],
            ."category_id": 1,
            "id": 23
        },
        {
            "segmentation": [
                [
                    352.78378378378375,
                    281.0810810810811,
                    360.8918918918919,
                    287.02702702702703
                ]
            ],
            "iscrowd": 0,
            "area": 0.0,
            "image_id": 0,
            "bbox": [
                352.0,
                281.0,
                8.0,
                6.0
            ],
            ."category_id": 1,
            "id": 24
        },
        {
            "segmentation": [
                [
                    344.1351351351351,
                    291.35135135135135,
                    351.7027027027027,
                    297.2972972972973
                ]
            ],
            "iscrowd": 0,
            "area": 0.0,
            "image_id": 0,
            "bbox": [
                344.0,
                291.0,
                7.0,
                6.0
            ],
            ."category_id": 1,
            "id": 25
        },
        {
            "segmentation": [
                [
                    429.0,
                    416.2162162162162,
                    436.027027027027,
                    423.78378378378375
                ]
            ],
            "iscrowd": 0,
            "area": 0.0,
            "image_id": 0,
            "bbox": [
                429.0,
                416.0,
                7.0,
                7.0
            ],
            ."category_id": 1,
            "id": 26
        },
        {
            "segmentation": [
                [
                    418.7297297297297,
                    323.2432432432432,
                    424.6756756756756,
                    332.97297297297297
                ]
            ],
            "iscrowd": 0,
            "area": 0.0,
            "image_id": 0,
            "bbox": [
                418.0,
                323.0,
                6.0,
                9.0
            ],
            ."category_id": 1,
            "id": 27
        },
        {
            "segmentation": [
                [
                    402.51351351351343,
                    321.08108108108104,
                    408.4594594594595,
                    328.64864864864865
                ]
            ],
            "iscrowd": 0,
            "area": 0.0,
            "image_id": 0,
            "bbox": [
                402.0,
                321.0,
                6.0,
                7.0
            ],
            ."category_id": 1,
            "id": 28
        },
        {
            "segmentation": [
                [
                    489.0,
                    402.7027027027027,
                    497.64864864864865,
                    409.7297297297297
                ]
            ],
            "iscrowd": 0,
            "area": 0.0,
            "image_id": 0,
            "bbox": [
                489.0,
                402.0,
                8.0,
                7.0
            ],
            ."category_id": 1,
            "id": 29
        },
        {
            "segmentation": [
                [
                    472.2432432432432,
                    404.3243243243243,
                    479.81081081081084,
                    408.64864864864865
                ]
            ],
            "iscrowd": 0,
            "area": 0.0,
            "image_id": 0,
            "bbox": [
                472.0,
                404.0,
                7.0,
                4.0
            ],
            ."category_id": 1,
            "id": 30
        },
        {
            "segmentation": [
                [
                    91.16216216216213,
                    49.729729729729726,
                    101.43243243243239,
                    56.21621621621621
                ]
            ],
            "iscrowd": 0,
            "area": 0.0,
            "image_id": 1,
            "bbox": [
                91.0,
                49.0,
                10.0,
                7.0
            ],
            ."category_id": 1,
            "id": 31
        },
        {
            "segmentation": [
                [
                    400.8918918918919,
                    41.08108108108108,
                    411.1621621621622,
                    48.108108108108105
                ]
            ],
            "iscrowd": 0,
            "area": 0.0,
            "image_id": 1,
            "bbox": [
                400.0,
                41.0,
                11.0,
                7.0
            ],
            ."category_id": 1,
            "id": 32
        },
        {
            "segmentation": [
                [
                    499.81081081081084,
                    127.02702702702702,
                    507.37837837837833,
                    136.75675675675674
                ]
            ],
            "iscrowd": 0,
            "area": 0.0,
            "image_id": 1,
            "bbox": [
                499.0,
                127.0,
                8.0,
                9.0
            ],
            ."category_id": 1,
            "id": 33
        },
        {
            "segmentation": [
                [
                    436.5675675675675,
                    291.35135135135135,
                    445.7567567567568,
                    298.3783783783784
                ]
            ],
            "iscrowd": 0,
            "area": 0.0,
            "image_id": 1,
            "bbox": [
                436.0,
                291.0,
                9.0,
                7.0
            ],
            ."category_id": 1,
            "id": 34
        },
        {
            "segmentation": [
                [
                    190.6216216216216,
                    380.0,
                    201.4324324324324,
                    388.10810810810807
                ]
            ],
            "iscrowd": 0,
            "area": 0.0,
            "image_id": 2,
            "bbox": [
                190.0,
                380.0,
                11.0,
                8.0
            ],
            ."category_id": 1,
            "id": 35
        },
        {
            "segmentation": [
                [
                    401.9729729729729,
                    186.48648648648648,
                    413.32432432432427,
                    198.37837837837836
                ]
            ],
            "iscrowd": 0,
            "area": 0.0,
            "image_id": 3,
            "bbox": [
                401.0,
                186.0,
                12.0,
                12.0
            ],
            ."category_id": 1,
            "id": 36
        },
        {
            "segmentation": [
                [
                    423.5945945945946,
                    214.05405405405403,
                    431.7027027027027,
                    220.0
                ]
            ],
            "iscrowd": 0,
            "area": 0.0,
            "image_id": 3,
            "bbox": [
                423.0,
                214.0,
                8.0,
                6.0
            ],
            ."category_id": 1,
            "id": 37
        },
        {
            "segmentation": [
                [
                    496.5675675675675,
                    29.18918918918919,
                    504.1351351351351,
                    37.2972972972973
                ]
            ],
            "iscrowd": 0,
            "area": 0.0,
            "image_id": 4,
            "bbox": [
                496.0,
                29.0,
                8.0,
                8.0
            ],
            ."category_id": 1,
            "id": 38
        },
        {
            "segmentation": [
                [
                    471.7027027027027,
                    60.54054054054054,
                    482.51351351351343,
                    68.64864864864865
                ]
            ],
            "iscrowd": 0,
            "area": 0.0,
            "image_id": 4,
            "bbox": [
                471.0,
                60.0,
                11.0,
                8.0
            ],
            ."category_id": 1,
            "id": 39
        },
        {
            "segmentation": [
                [
                    428.4594594594595,
                    46.486486486486484,
                    436.027027027027,
                    52.97297297297297
                ]
            ],
            "iscrowd": 0,
            "area": 0.0,
            "image_id": 4,
            "bbox": [
                428.0,
                46.0,
                8.0,
                6.0
            ],
            ."category_id": 1,
            "id": 40
        },
        {
            "segmentation": [
                [
                    368.4594594594595,
                    97.29729729729729,
                    375.48648648648646,
                    105.94594594594594
                ]
            ],
            "iscrowd": 0,
            "area": 0.0,
            "image_id": 4,
            "bbox": [
                368.0,
                97.0,
                7.0,
                8.0
            ],
            ."category_id": 1,
            "id": 41
        },
        {
            "segmentation": [
                [
                    331.16216216216213,
                    98.91891891891892,
                    344.1351351351351,
                    105.94594594594594
                ]
            ],
            "iscrowd": 0,
            "area": 0.0,
            "image_id": 4,
            "bbox": [
                331.0,
                98.0,
                13.0,
                7.0
            ],
            ."category_id": 1,
            "id": 42
        },
        {
            "segmentation": [
                [
                    293.86486486486484,
                    15.675675675675675,
                    306.2972972972973,
                    21.08108108108108
                ]
            ],
            "iscrowd": 0,
            "area": 0.0,
            "image_id": 4,
            "bbox": [
                293.0,
                15.0,
                13.0,
                6.0
            ],
            ."category_id": 1,
            "id": 43
        },
        {
            "segmentation": [
                [
                    467.37837837837833,
                    187.56756756756755,
                    475.48648648648646,
                    199.45945945945945
                ]
            ],
            "iscrowd": 0,
            "area": 0.0,
            "image_id": 4,
            "bbox": [
                467.0,
                187.0,
                8.0,
                12.0
            ],
            ."category_id": 1,
            "id": 44
        },
        {
            "segmentation": [
                [
                    506.8378378378378,
                    150.27027027027026,
                    511.0,
                    154.0
                ]
            ],
            "iscrowd": 0,
            "area": 0.0,
            "image_id": 4,
            "bbox": [
                506.0,
                150.0,
                5.0,
                4.0
            ],
            ."category_id": 1,
            "id": 45
        },
        {
            "segmentation": [
                [
                    286.2972972972973,
                    84.32432432432432,
                    296.56756756756755,
                    89.72972972972973
                ]
            ],
            "iscrowd": 0,
            "area": 0.0,
            "image_id": 4,
            "bbox": [
                286.0,
                84.0,
                10.0,
                5.0
            ],
            ."category_id": 1,
            "id": 46
        },
        {
            "segmentation": [
                [
                    298.7297297297297,
                    106.48648648648648,
                    309.0,
                    114.59459459459458
                ]
            ],
            "iscrowd": 0,
            "area": 0.0,
            "image_id": 4,
            "bbox": [
                298.0,
                106.0,
                11.0,
                8.0
            ],
            ."category_id": 1,
            "id": 47
        },
        {
            "segmentation": [
                [
                    323.054054054054,
                    130.8108108108108,
                    331.16216216216213,
                    136.75675675675674
                ]
            ],
            "iscrowd": 0,
            "area": 0.0,
            "image_id": 4,
            "bbox": [
                323.0,
                130.0,
                8.0,
                6.0
            ],
            ."category_id": 1,
            "id": 48
        },
        {
            "segmentation": [
                [
                    261.97297297297297,
                    111.89189189189189,
                    279.27027027027026,
                    118.91891891891892
                ]
            ],
            "iscrowd": 0,
            "area": 0.0,
            "image_id": 4,
            "bbox": [
                261.0,
                111.0,
                18.0,
                7.0
            ],
            ."category_id": 1,
            "id": 49
        },
        {
            "segmentation": [
                [
                    272.2432432432432,
                    84.32432432432432,
                    277.64864864864865,
                    89.72972972972973
                ]
            ],
            "iscrowd": 0,
            "area": 0.0,
            "image_id": 4,
            "bbox": [
                272.0,
                84.0,
                5.0,
                5.0
            ],
            ."category_id": 1,
            "id": 50
        },
        {
            "segmentation": [
                [
                    280.8918918918919,
                    102.16216216216216,
                    286.2972972972973,
                    108.64864864864865
                ]
            ],
            "iscrowd": 0,
            "area": 0.0,
            "image_id": 4,
            "bbox": [
                280.0,
                102.0,
                6.0,
                6.0
            ],
            ."category_id": 1,
            "id": 51
        },
        {
            "segmentation": [
                [
                    246.2972972972973,
                    92.97297297297297,
                    258.18918918918916,
                    100.54054054054053
                ]
            ],
            "iscrowd": 0,
            "area": 0.0,
            "image_id": 4,
            "bbox": [
                246.0,
                92.0,
                12.0,
                8.0
            ],
            ."category_id": 1,
            "id": 52
        },
        {
            "segmentation": [
                [
                    245.75675675675672,
                    59.45945945945946,
                    254.40540540540536,
                    69.72972972972973
                ]
            ],
            "iscrowd": 0,
            "area": 0.0,
            "image_id": 4,
            "bbox": [
                245.0,
                59.0,
                9.0,
                10.0
            ],
            ."category_id": 1,
            "id": 53
        },
        {
            "segmentation": [
                [
                    208.45945945945942,
                    72.43243243243244,
                    226.2972972972973,
                    85.4054054054054
                ]
            ],
            "iscrowd": 0,
            "area": 0.0,
            "image_id": 4,
            "bbox": [
                208.0,
                72.0,
                18.0,
                13.0
            ],
            ."category_id": 1,
            "id": 54
        },
        {
            "segmentation": [
                [
                    166.2972972972973,
                    68.64864864864865,
                    176.02702702702703,
                    73.51351351351352
                ]
            ],
            "iscrowd": 0,
            "area": 0.0,
            "image_id": 4,
            "bbox": [
                166.0,
                68.0,
                10.0,
                5.0
            ],
            ."category_id": 1,
            "id": 55
        },
        {
            "segmentation": [
                [
                    174.40540540540536,
                    49.729729729729726,
                    185.2162162162162,
                    60.54054054054054
                ]
            ],
            "iscrowd": 0,
            "area": 0.0,
            "image_id": 4,
            "bbox": [
                174.0,
                49.0,
                11.0,
                11.0
            ],
            ."category_id": 1,
            "id": 56
        },
        {
            "segmentation": [
                [
                    182.5135135135135,
                    20.0,
                    191.7027027027027,
                    28.108108108108105
                ]
            ],
            "iscrowd": 0,
            "area": 0.0,
            "image_id": 4,
            "bbox": [
                182.0,
                20.0,
                9.0,
                8.0
            ],
            ."category_id": 1,
            "id": 57
        },
        {
            "segmentation": [
                [
                    211.16216216216213,
                    18.91891891891892,
                    218.18918918918916,
                    29.72972972972973
                ]
            ],
            "iscrowd": 0,
            "area": 0.0,
            "image_id": 4,
            "bbox": [
                211.0,
                18.0,
                7.0,
                11.0
            ],
            ."category_id": 1,
            "id": 58
        },
        {
            "segmentation": [
                [
                    139.27027027027026,
                    24.864864864864863,
                    149.0,
                    30.81081081081081
                ]
            ],
            "iscrowd": 0,
            "area": 0.0,
            "image_id": 4,
            "bbox": [
                139.0,
                24.0,
                10.0,
                6.0
            ],
            ."category_id": 1,
            "id": 59
        },
        {
            "segmentation": [
                [
                    116.02702702702703,
                    29.72972972972973,
                    124.67567567567568,
                    35.13513513513514
                ]
            ],
            "iscrowd": 0,
            "area": 0.0,
            "image_id": 4,
            "bbox": [
                116.0,
                29.0,
                8.0,
                6.0
            ],
            ."category_id": 1,
            "id": 60
        },
        {
            "segmentation": [
                [
                    94.40540540540542,
                    75.67567567567568,
                    102.51351351351349,
                    81.08108108108108
                ]
            ],
            "iscrowd": 0,
            "area": 0.0,
            "image_id": 4,
            "bbox": [
                94.0,
                75.0,
                8.0,
                6.0
            ],
            ."category_id": 1,
            "id": 61
        },
        {
            "segmentation": [
                [
                    159.27027027027026,
                    121.08108108108108,
                    173.32432432432432,
                    129.7297297297297
                ]
            ],
            "iscrowd": 0,
            "area": 0.0,
            "image_id": 4,
            "bbox": [
                159.0,
                121.0,
                14.0,
                8.0
            ],
            ."category_id": 1,
            "id": 62
        },
        {
            "segmentation": [
                [
                    224.67567567567568,
                    115.67567567567568,
                    232.78378378378375,
                    129.1891891891892
                ]
            ],
            "iscrowd": 0,
            "area": 0.0,
            "image_id": 4,
            "bbox": [
                224.0,
                115.0,
                8.0,
                14.0
            ],
            ."category_id": 1,
            "id": 63
        },
        {
            "segmentation": [
                [
                    83.05405405405403,
                    27.027027027027025,
                    92.78378378378375,
                    35.13513513513514
                ]
            ],
            "iscrowd": 0,
            "area": 0.0,
            "image_id": 4,
            "bbox": [
                83.0,
                27.0,
                9.0,
                8.0
            ],
            ."category_id": 1,
            "id": 64
        },
        {
            "segmentation": [
                [
                    52.783783783783775,
                    51.35135135135135,
                    64.67567567567568,
                    56.75675675675675
                ]
            ],
            "iscrowd": 0,
            "area": 0.0,
            "image_id": 4,
            "bbox": [
                52.0,
                51.0,
                12.0,
                5.0
            ],
            ."category_id": 1,
            "id": 65
        },
        {
            "segmentation": [
                [
                    48.45945945945945,
                    25.405405405405403,
                    60.351351351351354,
                    30.81081081081081
                ]
            ],
            "iscrowd": 0,
            "area": 0.0,
            "image_id": 4,
            "bbox": [
                48.0,
                25.0,
                12.0,
                5.0
            ],
            ."category_id": 1,
            "id": 66
        },
        {
            "segmentation": [
                [
                    19.810810810810807,
                    10.81081081081081,
                    31.70270270270268,
                    21.62162162162162
                ]
            ],
            "iscrowd": 0,
            "area": 0.0,
            "image_id": 4,
            "bbox": [
                19.0,
                10.0,
                12.0,
                11.0
            ],
            ."category_id": 1,
            "id": 67
        },
        {
            "segmentation": [
                [
                    9.0,
                    104.86486486486486,
                    17.108108108108098,
                    111.35135135135134
                ]
            ],
            "iscrowd": 0,
            "area": 0.0,
            "image_id": 4,
            "bbox": [
                9.0,
                104.0,
                8.0,
                7.0
            ],
            ."category_id": 1,
            "id": 68
        },
        {
            "segmentation": [
                [
                    39.27027027027026,
                    83.78378378378378,
                    48.45945945945945,
                    93.51351351351352
                ]
            ],
            "iscrowd": 0,
            "area": 0.0,
            "image_id": 4,
            "bbox": [
                39.0,
                83.0,
                9.0,
                10.0
            ],
            ."category_id": 1,
            "id": 69
        },
        {
            "segmentation": [
                [
                    47.37837837837836,
                    104.86486486486486,
                    58.189189189189165,
                    112.43243243243242
                ]
            ],
            "iscrowd": 0,
            "area": 0.0,
            "image_id": 4,
            "bbox": [
                47.0,
                104.0,
                11.0,
                8.0
            ],
            ."category_id": 1,
            "id": 70
        },
        {
            "segmentation": [
                [
                    74.94594594594594,
                    112.43243243243242,
                    86.83783783783781,
                    120.0
                ]
            ],
            "iscrowd": 0,
            "area": 0.0,
            "image_id": 4,
            "bbox": [
                74.0,
                112.0,
                12.0,
                8.0
            ],
            ."category_id": 1,
            "id": 71
        },
        {
            "segmentation": [
                [
                    65.2162162162162,
                    135.13513513513513,
                    70.62162162162161,
                    139.45945945945945
                ]
            ],
            "iscrowd": 0,
            "area": 0.0,
            "image_id": 4,
            "bbox": [
                65.0,
                135.0,
                5.0,
                4.0
            ],
            ."category_id": 1,
            "id": 72
        },
        {
            "segmentation": [
                [
                    37.1081081081081,
                    151.89189189189187,
                    43.054054054054035,
                    160.0
                ]
            ],
            "iscrowd": 0,
            "area": 0.0,
            "image_id": 4,
            "bbox": [
                37.0,
                151.0,
                6.0,
                9.0
            ],
            ."category_id": 1,
            "id": 73
        },
        {
            "segmentation": [
                [
                    19.810810810810807,
                    147.56756756756755,
                    27.918918918918905,
                    152.43243243243242
                ]
            ],
            "iscrowd": 0,
            "area": 0.0,
            "image_id": 4,
            "bbox": [
                19.0,
                147.0,
                8.0,
                5.0
            ],
            ."category_id": 1,
            "id": 74
        },
        {
            "segmentation": [
                [
                    24.13513513513513,
                    165.4054054054054,
                    31.70270270270268,
                    172.97297297297297
                ]
            ],
            "iscrowd": 0,
            "area": 0.0,
            "image_id": 4,
            "bbox": [
                24.0,
                165.0,
                7.0,
                7.0
            ],
            ."category_id": 1,
            "id": 75
        },
        {
            "segmentation": [
                [
                    22.513513513513516,
                    183.24324324324323,
                    30.621621621621614,
                    194.05405405405403
                ]
            ],
            "iscrowd": 0,
            "area": 0.0,
            "image_id": 4,
            "bbox": [
                22.0,
                183.0,
                8.0,
                11.0
            ],
            ."category_id": 1,
            "id": 76
        },
        {
            "segmentation": [
                [
                    67.9189189189189,
                    182.70270270270268,
                    77.64864864864865,
                    190.27027027027026
                ]
            ],
            "iscrowd": 0,
            "area": 0.0,
            "image_id": 4,
            "bbox": [
                67.0,
                182.0,
                10.0,
                8.0
            ],
            ."category_id": 1,
            "id": 77
        },
        {
            "segmentation": [
                [
                    46.83783783783784,
                    184.32432432432432,
                    52.783783783783775,
                    189.1891891891892
                ]
            ],
            "iscrowd": 0,
            "area": 0.0,
            "image_id": 4,
            "bbox": [
                46.0,
                184.0,
                6.0,
                5.0
            ],
            ."category_id": 1,
            "id": 78
        },
        {
            "segmentation": [
                [
                    81.97297297297297,
                    152.43243243243242,
                    87.37837837837839,
                    160.54054054054052
                ]
            ],
            "iscrowd": 0,
            "area": 0.0,
            "image_id": 4,
            "bbox": [
                81.0,
                152.0,
                6.0,
                8.0
            ],
            ."category_id": 1,
            "id": 79
        },
        {
            "segmentation": [
                [
                    92.24324324324323,
                    136.75675675675674,
                    99.27027027027026,
                    147.56756756756755
                ]
            ],
            "iscrowd": 0,
            "area": 0.0,
            "image_id": 4,
            "bbox": [
                92.0,
                136.0,
                7.0,
                11.0
            ],
            ."category_id": 1,
            "id": 80
        },
        {
            "segmentation": [
                [
                    107.9189189189189,
                    147.02702702702703,
                    114.94594594594594,
                    155.13513513513513
                ]
            ],
            "iscrowd": 0,
            "area": 0.0,
            "image_id": 4,
            "bbox": [
                107.0,
                147.0,
                7.0,
                8.0
            ],
            ."category_id": 1,
            "id": 81
        },
        {
            "segmentation": [
                [
                    38.72972972972971,
                    60.54054054054054,
                    46.29729729729729,
                    67.02702702702702
                ]
            ],
            "iscrowd": 0,
            "area": 0.0,
            "image_id": 4,
            "bbox": [
                38.0,
                60.0,
                8.0,
                7.0
            ],
            ."category_id": 1,
            "id": 82
        },
        {
            "segmentation": [
                [
                    18.729729729729712,
                    85.4054054054054,
                    26.83783783783784,
                    89.72972972972973
                ]
            ],
            "iscrowd": 0,
            "area": 0.0,
            "image_id": 4,
            "bbox": [
                18.0,
                85.0,
                8.0,
                4.0
            ],
            ."category_id": 1,
            "id": 83
        },
        {
            "segmentation": [
                [
                    110.62162162162161,
                    192.43243243243242,
                    120.35135135135135,
                    197.2972972972973
                ]
            ],
            "iscrowd": 0,
            "area": 0.0,
            "image_id": 4,
            "bbox": [
                110.0,
                192.0,
                10.0,
                5.0
            ],
            ."category_id": 1,
            "id": 84
        },
        {
            "segmentation": [
                [
                    137.10810810810807,
                    171.89189189189187,
                    145.2162162162162,
                    178.37837837837836
                ]
            ],
            "iscrowd": 0,
            "area": 0.0,
            "image_id": 4,
            "bbox": [
                137.0,
                171.0,
                8.0,
                7.0
            ],
            ."category_id": 1,
            "id": 85
        },
        {
            "segmentation": [
                [
                    149.54054054054052,
                    196.2162162162162,
                    155.48648648648646,
                    207.027027027027
                ]
            ],
            "iscrowd": 0,
            "area": 0.0,
            "image_id": 4,
            "bbox": [
                149.0,
                196.0,
                6.0,
                11.0
            ],
            ."category_id": 1,
            "id": 86
        },
        {
            "segmentation": [
                [
                    178.18918918918916,
                    187.02702702702703,
                    184.1351351351351,
                    200.0
                ]
            ],
            "iscrowd": 0,
            "area": 0.0,
            "image_id": 4,
            "bbox": [
                178.0,
                187.0,
                6.0,
                13.0
            ],
            ."category_id": 1,
            "id": 87
        },
        {
            "segmentation": [
                [
                    200.89189189189187,
                    161.6216216216216,
                    206.8378378378378,
                    169.7297297297297
                ]
            ],
            "iscrowd": 0,
            "area": 0.0,
            "image_id": 4,
            "bbox": [
                200.0,
                161.0,
                6.0,
                8.0
            ],
            ."category_id": 1,
            "id": 88
        },
        {
            "segmentation": [
                [
                    209.0,
                    194.59459459459458,
                    217.10810810810807,
                    201.6216216216216
                ]
            ],
            "iscrowd": 0,
            "area": 0.0,
            "image_id": 4,
            "bbox": [
                209.0,
                194.0,
                8.0,
                7.0
            ],
            ."category_id": 1,
            "id": 89
        },
        {
            "segmentation": [
                [
                    201.4324324324324,
                    177.2972972972973,
                    207.3783783783784,
                    182.16216216216216
                ]
            ],
            "iscrowd": 0,
            "area": 0.0,
            "image_id": 4,
            "bbox": [
                201.0,
                177.0,
                6.0,
                5.0
            ],
            ."category_id": 1,
            "id": 90
        },
        {
            "segmentation": [
                [
                    177.64864864864865,
                    222.70270270270268,
                    188.45945945945942,
                    227.027027027027
                ]
            ],
            "iscrowd": 0,
            "area": 0.0,
            "image_id": 4,
            "bbox": [
                177.0,
                222.0,
                11.0,
                5.0
            ],
            ."category_id": 1,
            "id": 91
        },
        {
            "segmentation": [
                [
                    166.8378378378378,
                    207.56756756756755,
                    176.56756756756755,
                    214.05405405405403
                ]
            ],
            "iscrowd": 0,
            "area": 0.0,
            "image_id": 4,
            "bbox": [
                166.0,
                207.0,
                10.0,
                7.0
            ],
            ."category_id": 1,
            "id": 92
        },
        {
            "segmentation": [
                [
                    143.05405405405406,
                    230.8108108108108,
                    150.08108108108104,
                    235.13513513513513
                ]
            ],
            "iscrowd": 0,
            "area": 0.0,
            "image_id": 4,
            "bbox": [
                143.0,
                230.0,
                7.0,
                5.0
            ],
            ."category_id": 1,
            "id": 93
        },
        {
            "segmentation": [
                [
                    160.35135135135135,
                    238.37837837837836,
                    166.8378378378378,
                    247.027027027027
                ]
            ],
            "iscrowd": 0,
            "area": 0.0,
            "image_id": 4,
            "bbox": [
                160.0,
                238.0,
                6.0,
                9.0
            ],
            ."category_id": 1,
            "id": 94
        },
        {
            "segmentation": [
                [
                    190.08108108108104,
                    262.16216216216213,
                    201.4324324324324,
                    270.8108108108108
                ]
            ],
            "iscrowd": 0,
            "area": 0.0,
            "image_id": 4,
            "bbox": [
                190.0,
                262.0,
                11.0,
                8.0
            ],
            ."category_id": 1,
            "id": 95
        },
        {
            "segmentation": [
                [
                    216.02702702702703,
                    218.9189189189189,
                    225.2162162162162,
                    228.1081081081081
                ]
            ],
            "iscrowd": 0,
            "area": 0.0,
            "image_id": 4,
            "bbox": [
                216.0,
                218.0,
                9.0,
                10.0
            ],
            ."category_id": 1,
            "id": 96
        },
        {
            "segmentation": [
                [
                    243.59459459459458,
                    197.2972972972973,
                    254.94594594594594,
                    208.64864864864865
                ]
            ],
            "iscrowd": 0,
            "area": 0.0,
            "image_id": 4,
            "bbox": [
                243.0,
                197.0,
                11.0,
                11.0
            ],
            ."category_id": 1,
            "id": 97
        },
        {
            "segmentation": [
                [
                    277.64864864864865,
                    136.2162162162162,
                    286.8378378378378,
                    141.08108108108107
                ]
            ],
            "iscrowd": 0,
            "area": 0.0,
            "image_id": 4,
            "bbox": [
                277.0,
                136.0,
                9.0,
                5.0
            ],
            ."category_id": 1,
            "id": 98
        },
        {
            "segmentation": [
                [
                    309.5405405405405,
                    196.75675675675674,
                    318.18918918918916,
                    203.78378378378378
                ]
            ],
            "iscrowd": 0,
            "area": 0.0,
            "image_id": 4,
            "bbox": [
                309.0,
                196.0,
                9.0,
                7.0
            ],
            ."category_id": 1,
            "id": 99
        },
        {
            "segmentation": [
                [
                    346.8378378378378,
                    175.13513513513513,
                    358.18918918918916,
                    186.48648648648648
                ]
            ],
            "iscrowd": 0,
            "area": 0.0,
            "image_id": 4,
            "bbox": [
                346.0,
                175.0,
                12.0,
                11.0
            ],
            ."category_id": 1,
            "id": 100
        },
        {
            "segmentation": [
                [
                    380.35135135135135,
                    216.75675675675674,
                    392.78378378378375,
                    227.027027027027
                ]
            ],
            "iscrowd": 0,
            "area": 0.0,
            "image_id": 4,
            "bbox": [
                380.0,
                216.0,
                12.0,
                11.0
            ],
            ."category_id": 1,
            "id": 101
        },
        {
            "segmentation": [
                [
                    346.2972972972973,
                    210.27027027027026,
                    359.81081081081084,
                    220.0
                ]
            ],
            "iscrowd": 0,
            "area": 0.0,
            "image_id": 4,
            "bbox": [
                346.0,
                210.0,
                13.0,
                10.0
            ],
            ."category_id": 1,
            "id": 102
        },
        {
            "segmentation": [
                [
                    315.48648648648646,
                    222.16216216216216,
                    324.1351351351351,
                    231.89189189189187
                ]
            ],
            "iscrowd": 0,
            "area": 0.0,
            "image_id": 4,
            "bbox": [
                315.0,
                222.0,
                9.0,
                9.0
            ],
            ."category_id": 1,
            "id": 103
        },
        {
            "segmentation": [
                [
                    334.40540540540536,
                    242.70270270270268,
                    341.9729729729729,
                    250.27027027027026
                ]
            ],
            "iscrowd": 0,
            "area": 0.0,
            "image_id": 4,
            "bbox": [
                334.0,
                242.0,
                7.0,
                8.0
            ],
            ."category_id": 1,
            "id": 104
        },
        {
            "segmentation": [
                [
                    358.18918918918916,
                    266.48648648648646,
                    367.91891891891885,
                    275.1351351351351
                ]
            ],
            "iscrowd": 0,
            "area": 0.0,
            "image_id": 4,
            "bbox": [
                358.0,
                266.0,
                9.0,
                9.0
            ],
            ."category_id": 1,
            "id": 105
        },
        {
            "segmentation": [
                [
                    410.62162162162156,
                    276.2162162162162,
                    420.35135135135135,
                    282.7027027027027
                ]
            ],
            "iscrowd": 0,
            "area": 0.0,
            "image_id": 4,
            "bbox": [
                410.0,
                276.0,
                10.0,
                6.0
            ],
            ."category_id": 1,
            "id": 106
        },
        {
            "segmentation": [
                [
                    471.1621621621621,
                    268.10810810810807,
                    483.05405405405406,
                    275.1351351351351
                ]
            ],
            "iscrowd": 0,
            "area": 0.0,
            "image_id": 4,
            "bbox": [
                471.0,
                268.0,
                12.0,
                7.0
            ],
            ."category_id": 1,
            "id": 107
        },
        {
            "segmentation": [
                [
                    450.08108108108104,
                    248.64864864864865,
                    457.1081081081081,
                    254.05405405405403
                ]
            ],
            "iscrowd": 0,
            "area": 0.0,
            "image_id": 4,
            "bbox": [
                450.0,
                248.0,
                7.0,
                6.0
            ],
            ."category_id": 1,
            "id": 108
        },
        {
            "segmentation": [
                [
                    483.5945945945946,
                    308.10810810810807,
                    497.64864864864865,
                    319.4594594594594
                ]
            ],
            "iscrowd": 0,
            "area": 0.0,
            "image_id": 4,
            "bbox": [
                483.0,
                308.0,
                14.0,
                11.0
            ],
            ."category_id": 1,
            "id": 109
        },
        {
            "segmentation": [
                [
                    503.5945945945946,
                    290.8108108108108,
                    511.0,
                    296.0
                ]
            ],
            "iscrowd": 0,
            "area": 0.0,
            "image_id": 4,
            "bbox": [
                503.0,
                290.0,
                8.0,
                6.0
            ],
            ."category_id": 1,
            "id": 110
        },
        {
            "segmentation": [
                [
                    500.8918918918919,
                    260.0,
                    508.4594594594595,
                    266.48648648648646
                ]
            ],
            "iscrowd": 0,
            "area": 0.0,
            "image_id": 4,
            "bbox": [
                500.0,
                260.0,
                8.0,
                6.0
            ],
            ."category_id": 1,
            "id": 111
        },
        {
            "segmentation": [
                [
                    507.91891891891885,
                    317.2972972972973,
                    511.0,
                    321.0
                ]
            ],
            "iscrowd": 0,
            "area": 0.0,
            "image_id": 4,
            "bbox": [
                507.0,
                317.0,
                4.0,
                4.0
            ],
            ."category_id": 1,
            "id": 112
        },
        {
            "segmentation": [
                [
                    476.5675675675675,
                    363.78378378378375,
                    486.8378378378378,
                    374.05405405405406
                ]
            ],
            "iscrowd": 0,
            "area": 0.0,
            "image_id": 4,
            "bbox": [
                476.0,
                363.0,
                10.0,
                11.0
            ],
            ."category_id": 1,
            "id": 113
        },
        {
            "segmentation": [
                [
                    491.1621621621621,
                    347.56756756756755,
                    496.5675675675675,
                    359.4594594594594
                ]
            ],
            "iscrowd": 0,
            "area": 0.0,
            "image_id": 4,
            "bbox": [
                491.0,
                347.0,
                5.0,
                12.0
            ],
            ."category_id": 1,
            "id": 114
        },
        {
            "segmentation": [
                [
                    447.91891891891885,
                    344.3243243243243,
                    459.81081081081084,
                    352.97297297297297
                ]
            ],
            "iscrowd": 0,
            "area": 0.0,
            "image_id": 4,
            "bbox": [
                447.0,
                344.0,
                12.0,
                8.0
            ],
            ."category_id": 1,
            "id": 115
        },
        {
            "segmentation": [
                [
                    444.6756756756756,
                    309.72972972972974,
                    451.7027027027027,
                    317.8378378378378
                ]
            ],
            "iscrowd": 0,
            "area": 0.0,
            "image_id": 4,
            "bbox": [
                444.0,
                309.0,
                7.0,
                8.0
            ],
            ."category_id": 1,
            "id": 116
        },
        {
            "segmentation": [
                [
                    394.4054054054054,
                    290.8108108108108,
                    403.5945945945946,
                    302.16216216216213
                ]
            ],
            "iscrowd": 0,
            "area": 0.0,
            "image_id": 4,
            "bbox": [
                394.0,
                290.0,
                9.0,
                12.0
            ],
            ."category_id": 1,
            "id": 117
        },
        {
            "segmentation": [
                [
                    353.32432432432427,
                    301.6216216216216,
                    361.9729729729729,
                    309.72972972972974
                ]
            ],
            "iscrowd": 0,
            "area": 0.0,
            "image_id": 4,
            "bbox": [
                353.0,
                301.0,
                8.0,
                8.0
            ],
            ."category_id": 1,
            "id": 118
        },
        {
            "segmentation": [
                [
                    382.51351351351343,
                    311.8918918918919,
                    387.37837837837833,
                    317.8378378378378
                ]
            ],
            "iscrowd": 0,
            "area": 0.0,
            "image_id": 4,
            "bbox": [
                382.0,
                311.0,
                5.0,
                6.0
            ],
            ."category_id": 1,
            "id": 119
        },
        {
            "segmentation": [
                [
                    296.56756756756755,
                    297.2972972972973,
                    311.70270270270265,
                    302.7027027027027
                ]
            ],
            "iscrowd": 0,
            "area": 0.0,
            "image_id": 4,
            "bbox": [
                296.0,
                297.0,
                15.0,
                5.0
            ],
            ."category_id": 1,
            "id": 120
        },
        {
            "segmentation": [
                [
                    448.4594594594595,
                    365.40540540540536,
                    459.2702702702702,
                    374.05405405405406
                ]
            ],
            "iscrowd": 0,
            "area": 0.0,
            "image_id": 4,
            "bbox": [
                448.0,
                365.0,
                11.0,
                9.0
            ],
            ."category_id": 1,
            "id": 121
        },
        {
            "segmentation": [
                [
                    425.21621621621614,
                    374.05405405405406,
                    436.027027027027,
                    382.7027027027027
                ]
            ],
            "iscrowd": 0,
            "area": 0.0,
            "image_id": 4,
            "bbox": [
                425.0,
                374.0,
                11.0,
                8.0
            ],
            ."category_id": 1,
            "id": 122
        },
        {
            "segmentation": [
                [
                    385.21621621621614,
                    367.56756756756755,
                    398.18918918918916,
                    380.5405405405405
                ]
            ],
            "iscrowd": 0,
            "area": 0.0,
            "image_id": 4,
            "bbox": [
                385.0,
                367.0,
                13.0,
                13.0
            ],
            ."category_id": 1,
            "id": 123
        },
        {
            "segmentation": [
                [
                    410.08108108108104,
                    395.1351351351351,
                    415.48648648648646,
                    399.4594594594594
                ]
            ],
            "iscrowd": 0,
            "area": 0.0,
            "image_id": 4,
            "bbox": [
                410.0,
                395.0,
                5.0,
                4.0
            ],
            ."category_id": 1,
            "id": 124
        },
        {
            "segmentation": [
                [
                    441.4324324324324,
                    485.94594594594594,
                    457.1081081081081,
                    497.2972972972973
                ]
            ],
            "iscrowd": 0,
            "area": 0.0,
            "image_id": 4,
            "bbox": [
                441.0,
                485.0,
                16.0,
                12.0
            ],
            ."category_id": 1,
            "id": 125
        },
        {
            "segmentation": [
                [
                    490.08108108108104,
                    503.78378378378375,
                    500.35135135135135,
                    510.8108108108108
                ]
            ],
            "iscrowd": 0,
            "area": 0.0,
            "image_id": 4,
            "bbox": [
                490.0,
                503.0,
                10.0,
                7.0
            ],
            ."category_id": 1,
            "id": 126
        },
        {
            "segmentation": [
                [
                    492.2432432432432,
                    457.8378378378378,
                    499.81081081081084,
                    463.78378378378375
                ]
            ],
            "iscrowd": 0,
            "area": 0.0,
            "image_id": 4,
            "bbox": [
                492.0,
                457.0,
                7.0,
                6.0
            ],
            ."category_id": 1,
            "id": 127
        },
        {
            "segmentation": [
                [
                    504.1351351351351,
                    395.1351351351351,
                    509.0,
                    404.86486486486484
                ]
            ],
            "iscrowd": 0,
            "area": 0.0,
            "image_id": 4,
            "bbox": [
                504.0,
                395.0,
                5.0,
                9.0
            ],
            ."category_id": 1,
            "id": 128
        },
        {
            "segmentation": [
                [
                    341.9729729729729,
                    397.8378378378378,
                    357.64864864864865,
                    403.2432432432432
                ]
            ],
            "iscrowd": 0,
            "area": 0.0,
            "image_id": 4,
            "bbox": [
                341.0,
                397.0,
                16.0,
                6.0
            ],
            ."category_id": 1,
            "id": 129
        },
        {
            "segmentation": [
                [
                    351.1621621621622,
                    448.64864864864865,
                    357.64864864864865,
                    455.6756756756757
                ]
            ],
            "iscrowd": 0,
            "area": 0.0,
            "image_id": 4,
            "bbox": [
                351.0,
                448.0,
                6.0,
                7.0
            ],
            ."category_id": 1,
            "id": 130
        },
        {
            "segmentation": [
                [
                    293.86486486486484,
                    485.94594594594594,
                    300.8918918918919,
                    494.5945945945946
                ]
            ],
            "iscrowd": 0,
            "area": 0.0,
            "image_id": 4,
            "bbox": [
                293.0,
                485.0,
                7.0,
                9.0
            ],
            ."category_id": 1,
            "id": 131
        },
        {
            "segmentation": [
                [
                    274.94594594594594,
                    479.4594594594594,
                    284.6756756756757,
                    488.10810810810807
                ]
            ],
            "iscrowd": 0,
            "area": 0.0,
            "image_id": 4,
            "bbox": [
                274.0,
                479.0,
                10.0,
                9.0
            ],
            ."category_id": 1,
            "id": 132
        },
        {
            "segmentation": [
                [
                    281.97297297297297,
                    452.97297297297297,
                    291.7027027027027,
                    464.3243243243243
                ]
            ],
            "iscrowd": 0,
            "area": 0.0,
            "image_id": 4,
            "bbox": [
                281.0,
                452.0,
                10.0,
                12.0
            ],
            ."category_id": 1,
            "id": 133
        },
        {
            "segmentation": [
                [
                    258.7297297297297,
                    457.8378378378378,
                    267.9189189189189,
                    463.2432432432432
                ]
            ],
            "iscrowd": 0,
            "area": 0.0,
            "image_id": 4,
            "bbox": [
                258.0,
                457.0,
                9.0,
                6.0
            ],
            ."category_id": 1,
            "id": 134
        },
        {
            "segmentation": [
                [
                    225.2162162162162,
                    452.4324324324324,
                    238.72972972972968,
                    456.7567567567567
                ]
            ],
            "iscrowd": 0,
            "area": 0.0,
            "image_id": 4,
            "bbox": [
                225.0,
                452.0,
                13.0,
                4.0
            ],
            ."category_id": 1,
            "id": 135
        },
        {
            "segmentation": [
                [
                    211.7027027027027,
                    471.8918918918919,
                    225.2162162162162,
                    476.2162162162162
                ]
            ],
            "iscrowd": 0,
            "area": 0.0,
            "image_id": 4,
            "bbox": [
                211.0,
                471.0,
                14.0,
                5.0
            ],
            ."category_id": 1,
            "id": 136
        },
        {
            "segmentation": [
                [
                    217.10810810810807,
                    498.37837837837833,
                    227.3783783783784,
                    506.48648648648646
                ]
            ],
            "iscrowd": 0,
            "area": 0.0,
            "image_id": 4,
            "bbox": [
                217.0,
                498.0,
                10.0,
                8.0
            ],
            ."category_id": 1,
            "id": 137
        },
        {
            "segmentation": [
                [
                    186.2972972972973,
                    477.8378378378378,
                    198.72972972972968,
                    488.10810810810807
                ]
            ],
            "iscrowd": 0,
            "area": 0.0,
            "image_id": 4,
            "bbox": [
                186.0,
                477.0,
                12.0,
                11.0
            ],
            ."category_id": 1,
            "id": 138
        },
        {
            "segmentation": [
                [
                    95.48648648648646,
                    495.1351351351351,
                    101.97297297297297,
                    501.6216216216216
                ]
            ],
            "iscrowd": 0,
            "area": 0.0,
            "image_id": 4,
            "bbox": [
                95.0,
                495.0,
                6.0,
                6.0
            ],
            ."category_id": 1,
            "id": 139
        },
        {
            "segmentation": [
                [
                    123.05405405405406,
                    300.5405405405405,
                    131.7027027027027,
                    309.72972972972974
                ]
            ],
            "iscrowd": 0,
            "area": 0.0,
            "image_id": 4,
            "bbox": [
                123.0,
                300.0,
                8.0,
                9.0
            ],
            ."category_id": 1,
            "id": 140
        },
        {
            "segmentation": [
                [
                    122.51351351351349,
                    274.5945945945946,
                    129.0,
                    279.4594594594594
                ]
            ],
            "iscrowd": 0,
            "area": 0.0,
            "image_id": 4,
            "bbox": [
                122.0,
                274.0,
                7.0,
                5.0
            ],
            ."category_id": 1,
            "id": 141
        },
        {
            "segmentation": [
                [
                    89.54054054054052,
                    269.18918918918916,
                    99.81081081081078,
                    276.7567567567567
                ]
            ],
            "iscrowd": 0,
            "area": 0.0,
            "image_id": 4,
            "bbox": [
                89.0,
                269.0,
                10.0,
                7.0
            ],
            ."category_id": 1,
            "id": 142
        },
        {
            "segmentation": [
                [
                    48.45945945945945,
                    304.86486486486484,
                    57.1081081081081,
                    312.97297297297297
                ]
            ],
            "iscrowd": 0,
            "area": 0.0,
            "image_id": 4,
            "bbox": [
                48.0,
                304.0,
                9.0,
                8.0
            ],
            ."category_id": 1,
            "id": 143
        }
    ]
}